crane,time_iso,time_ms,lat,lon,data_type,segment
100840,2013-09-01T00:00:00Z,1377993600000,65.96594763990942,178.1963242185187,observed,0
100840,2013-09-01T12:00:00Z,1378036800000,65.94774882862917,178.19833122608563,observed,0
100840,2013-09-02T00:00:00Z,1378080000000,65.96005067729749,178.25371776001413,observed,0
100840,2013-09-02T12:00:00Z,1378123200000,65.9461482591596,178.21852358601114,observed,0
100840,2013-09-03T00:00:00Z,1378166400000,65.96220114226831,178.23302167722463,observed,0
100840,2013-09-03T12:00:00Z,1378209600000,65.98155146589869,178.25541526897013,observed,0
100840,2013-09-04T00:00:00Z,1378252800000,65.95895536314335,178.2889159252703,observed,0
100840,2013-09-04T12:00:00Z,1378296000000,65.98385330879967,178.28636131536487,observed,0
100840,2013-09-05T00:00:00Z,1378339200000,65.96645124139063,178.2600661164762,observed,0
100840,2013-09-05T12:00:00Z,1378382400000,66.045203563461925,-179.96972296483818,interpolated,0
100840,2013-09-06T00:00:00Z,1378425600000,66.12395588553322,-178.1995120461525,observed,0
100840,2013-09-06T12:00:00Z,1378468800000,66.11625689901915,-178.17821352390425,observed,0
100840,2013-09-07T00:00:00Z,1378512000000,65.97766159377892,-173.65354849300513,observed,0
100840,2013-09-07T12:00:00Z,1378555200000,65.98161184845837,-173.64605044663313,observed,0
100840,2013-09-08T00:00:00Z,1378598400000,65.97656237159016,-173.6364507176238,observed,0
100840,2013-09-08T12:00:00Z,1378641600000,65.86322832823832,-172.14189733218325,observed,0
100840,2013-09-09T00:00:00Z,1378684800000,65.12128988419411,-165.91728860875972,observed,0
100840,2013-09-09T12:00:00Z,1378728000000,65.0970100136127,-165.8986776343221,observed,0
100840,2013-09-10T00:00:00Z,1378771200000,65.07689475827667,-165.82709198916572,observed,0
100840,2013-09-10T12:00:00Z,1378814400000,NA,NA,missing,1
100840,2013-09-11T00:00:00Z,1378857600000,NA,NA,missing,2
100840,2013-09-11T12:00:00Z,1378900800000,NA,NA,missing,3
100840,2013-09-12T00:00:00Z,1378944000000,NA,NA,missing,4
100840,2013-09-12T12:00:00Z,1378987200000,NA,NA,missing,5
100840,2013-09-13T00:00:00Z,1379030400000,NA,NA,missing,6
100840,2013-09-13T12:00:00Z,1379073600000,NA,NA,missing,7
100840,2013-09-14T00:00:00Z,1379116800000,NA,NA,missing,8
100840,2013-09-14T12:00:00Z,1379160000000,NA,NA,missing,9
100840,2013-09-15T00:00:00Z,1379203200000,63.72253496632559,-153.28511770109353,observed,9
100840,2013-09-15T12:00:00Z,1379246400000,63.54946396099759,-149.7634911472644,observed,9
100840,2013-09-16T00:00:00Z,1379289600000,63.734566449801456,-147.63971310118993,observed,9
100840,2013-09-16T12:00:00Z,1379332800000,63.443409820117225,-142.2094207954341,observed,9
100840,2013-09-17T00:00:00Z,1379376000000,NA,NA,missing,10
100840,2013-09-17T12:00:00Z,1379419200000,NA,NA,missing,11
100840,2013-09-18T00:00:00Z,1379462400000,NA,NA,missing,12
100840,2013-09-18T12:00:00Z,1379505600000,NA,NA,missing,13
100840,2013-09-19T00:00:00Z,1379548800000,NA,NA,missing,14
100840,2013-09-19T12:00:00Z,1379592000000,NA,NA,missing,15
100840,2013-09-20T00:00:00Z,1379635200000,NA,NA,missing,16
100840,2013-09-20T12:00:00Z,1379678400000,NA,NA,missing,17
100840,2013-09-21T00:00:00Z,1379721600000,NA,NA,missing,18
100840,2013-09-21T12:00:00Z,1379764800000,NA,NA,missing,19
100840,2013-09-22T00:00:00Z,1379808000000,NA,NA,missing,20
100840,2013-09-22T12:00:00Z,1379851200000,NA,NA,missing,21
100840,2013-09-23T00:00:00Z,1379894400000,NA,NA,missing,22
100840,2013-09-23T12:00:00Z,1379937600000,NA,NA,missing,23
100840,2013-09-24T00:00:00Z,1379980800000,NA,NA,missing,24
100840,2013-09-24T12:00:00Z,1380024000000,NA,NA,missing,25
100840,2013-09-25T00:00:00Z,1380067200000,NA,NA,missing,26
100840,2013-09-25T12:00:00Z,1380110400000,52.28893911546554,-111.4599104588521,observed,26
100840,2013-09-26T00:00:00Z,1380153600000,51.28684333748586,-110.524169949853,observed,26
100840,2013-09-26T12:00:00Z,1380196800000,51.140501191950285,-110.30309233848142,observed,26
100840,2013-09-27T00:00:00Z,1380240000000,51.16489999907317,-110.32270000123668,observed,26
100840,2013-09-27T12:00:00Z,1380283200000,51.16070001313075,-110.32160006719737,observed,26
100840,2013-09-28T00:00:00Z,1380326400000,51.200749398795054,-110.16732623173291,observed,26
100840,2013-09-28T12:00:00Z,1380369600000,51.28360343488073,-109.93469944498668,observed,26
100840,2013-09-29T00:00:00Z,1380412800000,51.283152923320344,-109.93359934588732,observed,26
100840,2013-09-29T12:00:00Z,1380456000000,51.284502024077554,-109.9283990064189,observed,26
100840,2013-09-30T00:00:00Z,1380499200000,51.28360276922402,-109.9321992250679,observed,26
100840,2013-09-30T12:00:00Z,1380542400000,51.28310390987182,-109.93769927653898,observed,26
100840,2013-10-01T00:00:00Z,1380585600000,51.281852587713495,-109.9320500794542,observed,26
100840,2013-10-01T12:00:00Z,1380628800000,51.27385074810755,-109.9209023320493,observed,26
100840,2013-10-02T00:00:00Z,1380672000000,51.27400132520761,-109.92510305226573,observed,26
100840,2013-10-02T12:00:00Z,1380715200000,51.25140135380517,-109.90060743830315,observed,26
100840,2013-10-03T00:00:00Z,1380758400000,51.28009999999421,-109.98359999982245,observed,26
100840,2013-10-03T12:00:00Z,1380801600000,51.221551469203966,-109.69804692831283,observed,26
100840,2013-10-04T00:00:00Z,1380844800000,51.22130017756152,-109.68599897456058,observed,26
100840,2013-10-04T12:00:00Z,1380888000000,51.22285101855832,-109.69184794246787,observed,26
100840,2013-10-05T00:00:00Z,1380931200000,51.224951407252014,-109.69454675874746,observed,26
100840,2013-10-05T12:00:00Z,1380974400000,51.205100013579845,-109.67495004227472,observed,26
100840,2013-10-06T00:00:00Z,1381017600000,51.20470001125892,-109.67129994670672,observed,26
100840,2013-10-06T12:00:00Z,1381060800000,51.203900017937286,-109.674000070885,observed,26
100840,2013-10-07T00:00:00Z,1381104000000,51.204300052581274,-109.66824990598911,observed,26
100840,2013-10-07T12:00:00Z,1381147200000,51.205300255157574,-109.67039883374188,observed,26
100840,2013-10-08T00:00:00Z,1381190400000,51.21584999948231,-109.6803499878164,observed,26
100840,2013-10-08T12:00:00Z,1381233600000,51.203250291483734,-109.67109841323553,observed,26
100840,2013-10-09T00:00:00Z,1381276800000,51.20815017703711,-109.67274948913308,observed,26
100840,2013-10-09T12:00:00Z,1381320000000,51.212500047605054,-109.66064972294204,observed,26
100840,2013-10-10T00:00:00Z,1381363200000,51.19275144521043,-109.67535630157612,observed,26
100840,2013-10-10T12:00:00Z,1381406400000,51.20480000454596,-109.67134997081196,observed,26
100840,2013-10-11T00:00:00Z,1381449600000,51.20589999885406,-109.67249999813696,observed,26
100840,2013-10-11T12:00:00Z,1381492800000,46.67170279912128,-106.71259145251112,observed,26
100840,2013-10-12T00:00:00Z,1381536000000,46.67300279827493,-106.71249145725272,observed,26
100840,2013-10-12T12:00:00Z,1381579200000,44.85651093716721,-105.03317586247933,observed,26
100840,2013-10-13T00:00:00Z,1381622400000,44.72626141890909,-105.00806390345758,observed,26
100840,2013-10-13T12:00:00Z,1381665600000,43.89910986738579,-105.33996688084528,observed,26
100840,2013-10-14T00:00:00Z,1381708800000,43.88196171173176,-105.33011089756975,observed,26
100840,2013-10-14T12:00:00Z,1381752000000,41.95814899403908,-104.53682695166992,interpolated,26
100840,2013-10-15T00:00:00Z,1381795200000,40.034336276346394,-103.7435430057701,interpolated,26
100840,2013-10-15T12:00:00Z,1381838400000,38.1105235586537,-102.95025905987029,interpolated,26
100840,2013-10-16T00:00:00Z,1381881600000,36.18671084096102,-102.15697511397047,interpolated,26
100840,2013-10-16T12:00:00Z,1381924800000,34.262898123268336,-101.36369116807064,observed,26
100840,2013-10-17T00:00:00Z,1381968000000,34.279308823692446,-101.3131495848253,observed,26
100840,2013-10-17T12:00:00Z,1382011200000,33.95720219090517,-101.28122423810528,observed,26
100840,2013-10-18T00:00:00Z,1382054400000,33.9472021520046,-101.28387344763829,observed,26
100840,2013-10-18T12:00:00Z,1382097600000,33.94930265499891,-101.2965235453179,observed,26
100840,2013-10-19T00:00:00Z,1382140800000,33.94595215379798,-101.28412340117664,observed,26
100840,2013-10-19T12:00:00Z,1382184000000,33.95380232777566,-101.29232337633272,observed,26
100840,2013-10-20T00:00:00Z,1382227200000,33.94695215736028,-101.28367342661608,observed,26
100840,2013-10-20T12:00:00Z,1382270400000,33.94710214105463,-101.28432346218388,observed,26
100840,2013-10-21T00:00:00Z,1382313600000,33.94700216797601,-101.28317340755396,observed,26
100840,2013-10-21T12:00:00Z,1382356800000,33.953001698183584,-101.30162448437476,observed,26
100840,2013-10-22T00:00:00Z,1382400000000,33.95320169932217,-101.30152448932644,observed,26
100840,2013-10-22T12:00:00Z,1382443200000,33.9551530085155,-101.30107256553414,observed,26
100843,2013-09-01T00:00:00Z,1377993600000,65.55596573286837,-175.21220745667262,observed,0
100843,2013-09-01T12:00:00Z,1378036800000,65.55561626812192,-175.20255874792653,observed,0
100843,2013-09-02T00:00:00Z,1378080000000,65.5568155735589,-175.21455778230666,observed,0
100843,2013-09-02T12:00:00Z,1378123200000,65.55326583468133,-175.20915790723646,observed,0
100843,2013-09-03T00:00:00Z,1378166400000,65.55151565252902,-175.2116577331168,observed,0
100843,2013-09-03T12:00:00Z,1378209600000,65.55401549175451,-175.21505767079807,observed,0
100843,2013-09-04T00:00:00Z,1378252800000,65.55681560662464,-175.2140078093323,observed,0
100843,2013-09-04T12:00:00Z,1378296000000,65.56022906150568,-175.1555810070922,observed,0
100843,2013-09-05T00:00:00Z,1378339200000,65.56507257756661,-175.09622039519962,observed,0
100843,2013-09-05T12:00:00Z,1378382400000,65.56227587229185,-175.05057156274555,observed,0
100843,2013-09-06T00:00:00Z,1378425600000,65.56692492962425,-175.07912417468182,observed,0
100843,2013-09-06T12:00:00Z,1378468800000,65.57624622605283,-171.2738902037994,interpolated,0
100843,2013-09-07T00:00:00Z,1378512000000,65.5855675224814,-167.468656232917,observed,0
100843,2013-09-07T12:00:00Z,1378555200000,65.21416007292848,-164.2295895241449,interpolated,0
100843,2013-09-08T00:00:00Z,1378598400000,64.84275262337557,-160.99052281537283,observed,0
100843,2013-09-08T12:00:00Z,1378641600000,NA,NA,missing,1
100843,2013-09-09T00:00:00Z,1378684800000,NA,NA,missing,2
100843,2013-09-09T12:00:00Z,1378728000000,NA,NA,missing,3
100843,2013-09-10T00:00:00Z,1378771200000,NA,NA,missing,4
100843,2013-09-10T12:00:00Z,1378814400000,NA,NA,missing,5
100843,2013-09-11T00:00:00Z,1378857600000,NA,NA,missing,6
100843,2013-09-11T12:00:00Z,1378900800000,NA,NA,missing,7
100843,2013-09-12T00:00:00Z,1378944000000,NA,NA,missing,8
100843,2013-09-12T12:00:00Z,1378987200000,NA,NA,missing,9
100843,2013-09-13T00:00:00Z,1379030400000,NA,NA,missing,10
100843,2013-09-13T12:00:00Z,1379073600000,NA,NA,missing,11
100843,2013-09-14T00:00:00Z,1379116800000,NA,NA,missing,12
100843,2013-09-14T12:00:00Z,1379160000000,NA,NA,missing,13
100843,2013-09-15T00:00:00Z,1379203200000,NA,NA,missing,14
100843,2013-09-15T12:00:00Z,1379246400000,NA,NA,missing,15
100843,2013-09-16T00:00:00Z,1379289600000,58.13879355416357,-121.91565819735,observed,15
100843,2013-09-16T12:00:00Z,1379332800000,56.97207232934453,-120.00634444495002,observed,15
100843,2013-09-17T00:00:00Z,1379376000000,55.98636027298951,-118.07035370407579,interpolated,15
100843,2013-09-17T12:00:00Z,1379419200000,55.00064821663449,-116.13436296320157,interpolated,15
100843,2013-09-18T00:00:00Z,1379462400000,54.01493616027947,-114.19837222232734,interpolated,15
100843,2013-09-18T12:00:00Z,1379505600000,53.02922410392445,-112.2623814814531,interpolated,15
100843,2013-09-19T00:00:00Z,1379548800000,52.04351204756943,-110.32639074057889,interpolated,15
100843,2013-09-19T12:00:00Z,1379592000000,51.05779999121441,-108.39039999970466,observed,15
100843,2013-09-20T00:00:00Z,1379635200000,51.066615302250455,-108.4494881413695,observed,15
100843,2013-09-20T12:00:00Z,1379678400000,51.05684999804695,-108.39115000583968,observed,15
100843,2013-09-21T00:00:00Z,1379721600000,51.05709999128633,-108.38989999871684,observed,15
100843,2013-09-21T12:00:00Z,1379764800000,51.0540999916619,-108.38459999984455,observed,15
100843,2013-09-22T00:00:00Z,1379808000000,51.05419999163515,-108.38459999877826,observed,15
100843,2013-09-22T12:00:00Z,1379851200000,51.05379999252827,-108.460399999983,observed,15
100843,2013-09-23T00:00:00Z,1379894400000,51.06335032560158,-108.38285012351068,observed,15
100843,2013-09-23T12:00:00Z,1379937600000,51.05429999167621,-108.38859999953615,observed,15
100843,2013-09-24T00:00:00Z,1379980800000,51.040654852241175,-108.423411976781,observed,15
100843,2013-09-24T12:00:00Z,1380024000000,51.031527424171216,-108.40495598855793,interpolated,15
100843,2013-09-25T00:00:00Z,1380067200000,51.02239999610126,-108.38650000033488,observed,15
100843,2013-09-25T12:00:00Z,1380110400000,51.023599995901584,-108.38240000009914,observed,15
100843,2013-09-26T00:00:00Z,1380153600000,51.024799995750335,-108.38469999983484,observed,15
100843,2013-09-26T12:00:00Z,1380196800000,51.01145007202031,-108.54005004908352,observed,15
100843,2013-09-27T00:00:00Z,1380240000000,51.00795004502719,-108.54305015808717,interpolated,15
100843,2013-09-27T12:00:00Z,1380283200000,51.004450018034056,-108.5460502670908,observed,15
100843,2013-09-28T00:00:00Z,1380326400000,51.01300018832767,-108.53745028645044,observed,15
100843,2013-09-28T12:00:00Z,1380369600000,51.0080026567614,-108.57184454304424,observed,15
100843,2013-09-29T00:00:00Z,1380412800000,51.017055015483656,-108.56184959470532,observed,15
100843,2013-09-29T12:00:00Z,1380456000000,51.02625747399161,-108.41660121401412,observed,15
100843,2013-09-30T00:00:00Z,1380499200000,51.02569999575864,-108.405000000316,observed,15
100843,2013-09-30T12:00:00Z,1380542400000,51.01115016289521,-108.36879823209976,observed,15
100843,2013-10-01T00:00:00Z,1380585600000,51.076351078831294,-108.38878424467096,observed,15
100843,2013-10-01T12:00:00Z,1380628800000,51.01555003595702,-108.36304935288756,observed,15
100843,2013-10-02T00:00:00Z,1380672000000,51.02520021724841,-108.37185120830426,observed,15
100843,2013-10-02T12:00:00Z,1380715200000,51.00129999898082,-108.35959999988737,observed,15
100843,2013-10-03T00:00:00Z,1380758400000,50.99390000123904,-108.3931749951006,interpolated,15
100843,2013-10-03T12:00:00Z,1380801600000,50.986500003497255,-108.42674999031384,observed,15
100843,2013-10-04T00:00:00Z,1380844800000,50.987400000969686,-108.41099999948904,observed,15
100843,2013-10-04T12:00:00Z,1380888000000,50.98750000096743,-108.42470000041536,observed,15
100843,2013-10-05T00:00:00Z,1380931200000,50.99110000048309,-108.40540000057511,observed,15
100843,2013-10-05T12:00:00Z,1380974400000,51.02509999565867,-108.37600000016536,observed,15
100843,2013-10-06T00:00:00Z,1381017600000,51.026775003131164,-108.37515007185263,interpolated,15
100843,2013-10-06T12:00:00Z,1381060800000,51.02845001060365,-108.37430014353988,observed,15
100843,2013-10-07T00:00:00Z,1381104000000,51.0281999951843,-108.37020000046728,observed,15
100843,2013-10-07T12:00:00Z,1381147200000,51.02999999493324,-108.37179999983842,observed,15
100843,2013-10-08T00:00:00Z,1381190400000,51.030550008427625,-108.36964988251584,observed,15
100843,2013-10-08T12:00:00Z,1381233600000,51.03105000450521,-108.37059994015884,observed,15
100843,2013-10-09T00:00:00Z,1381276800000,51.02950001219848,-108.3699999099703,observed,15
100843,2013-10-09T12:00:00Z,1381320000000,50.37328888557829,-108.12668460321356,observed,15
100843,2013-10-10T00:00:00Z,1381363200000,50.46831879995444,-108.2859643892478,observed,15
100843,2013-10-10T12:00:00Z,1381406400000,50.53705354728873,-108.41886415996647,observed,15
100843,2013-10-11T00:00:00Z,1381449600000,50.51045078109267,-108.43379919822536,observed,15
100843,2013-10-11T12:00:00Z,1381492800000,45.47810925511736,-104.76437762938468,observed,15
100843,2013-10-12T00:00:00Z,1381536000000,45.47490927173224,-104.76147758998866,observed,15
100843,2013-10-12T12:00:00Z,1381579200000,43.017821012716375,-103.62394235606784,observed,15
100843,2013-10-13T00:00:00Z,1381622400000,43.0022212259927,-103.623340942233,observed,15
100843,2013-10-13T12:00:00Z,1381665600000,42.89592355143528,-103.30523754119628,observed,15
100843,2013-10-14T00:00:00Z,1381708800000,42.89637354999668,-103.30533754862928,observed,15
100843,2013-10-14T12:00:00Z,1381752000000,42.89707354981317,-103.3054375693076,observed,15
100843,2013-10-15T00:00:00Z,1381795200000,42.896423547629965,-103.3056375533345,observed,15
100843,2013-10-15T12:00:00Z,1381838400000,39.38335761141879,-103.66066823251802,interpolated,15
100843,2013-10-16T00:00:00Z,1381881600000,35.87029167520762,-104.01569891170152,observed,15
100843,2013-10-16T12:00:00Z,1381924800000,34.9531375434332,-103.44543567884992,interpolated,15
100843,2013-10-17T00:00:00Z,1381968000000,34.03598341165878,-102.87517244599832,observed,15
100843,2013-10-17T12:00:00Z,1382011200000,32.73474324900843,-104.66593431182808,observed,15
100843,2013-10-18T00:00:00Z,1382054400000,31.981068669167982,-105.4200528648595,interpolated,15
100843,2013-10-18T12:00:00Z,1382097600000,31.22739408932753,-106.1741714178909,interpolated,15
100843,2013-10-19T00:00:00Z,1382140800000,30.47371950948708,-106.92828997092232,observed,15
100843,2013-10-19T12:00:00Z,1382184000000,29.41631159740853,-107.7971440106514,observed,15
100843,2013-10-20T00:00:00Z,1382227200000,29.42926222851145,-107.8060433734935,observed,15
100843,2013-10-20T12:00:00Z,1382270400000,29.435711631484043,-107.83064576736068,observed,15
100843,2013-10-21T00:00:00Z,1382313600000,29.425811385687116,-107.82284597466644,observed,15
100843,2013-10-21T12:00:00Z,1382356800000,29.44551123311815,-107.8387473962056,observed,15
100843,2013-10-22T00:00:00Z,1382400000000,29.42981143178151,-107.82134579442486,observed,15
100843,2013-10-22T12:00:00Z,1382443200000,29.428663311440317,-107.81619274115742,observed,15
100845,2013-09-01T00:00:00Z,1377993600000,66.17429470702123,-161.03781342640497,observed,0
100845,2013-09-01T12:00:00Z,1378036800000,66.17259615007194,-161.00901450207587,observed,0
100845,2013-09-02T00:00:00Z,1378080000000,66.16599076534129,-161.1161089921067,observed,0
100845,2013-09-02T12:00:00Z,1378123200000,66.2132184078666,-161.55949415206936,observed,0
100845,2013-09-03T00:00:00Z,1378166400000,66.22206786947628,-161.5700947430806,observed,0
100845,2013-09-03T12:00:00Z,1378209600000,66.21239319382633,-161.46447843083564,interpolated,0
100845,2013-09-04T00:00:00Z,1378252800000,66.20271851817638,-161.35886211859068,interpolated,0
100845,2013-09-04T12:00:00Z,1378296000000,66.19304384252642,-161.25324580634572,interpolated,0
100845,2013-09-05T00:00:00Z,1378339200000,66.18336916687647,-161.14762949410076,interpolated,0
100845,2013-09-05T12:00:00Z,1378382400000,66.17369449122653,-161.0420131818558,observed,0
100845,2013-09-06T00:00:00Z,1378425600000,66.17309596722413,-161.0244132460315,observed,0
100845,2013-09-06T12:00:00Z,1378468800000,66.1739946029963,-161.03981329526175,observed,0
100845,2013-09-07T00:00:00Z,1378512000000,66.17335442514272,-161.04336306622642,interpolated,0
100845,2013-09-07T12:00:00Z,1378555200000,66.17271424728912,-161.0469128371911,interpolated,0
100845,2013-09-08T00:00:00Z,1378598400000,66.17207406943554,-161.05046260815573,interpolated,0
100845,2013-09-08T12:00:00Z,1378641600000,66.17143389158194,-161.0540123791204,interpolated,0
100845,2013-09-09T00:00:00Z,1378684800000,66.17079371372836,-161.05756215008506,observed,0
100845,2013-09-09T12:00:00Z,1378728000000,66.16969590151223,-161.01486437195214,observed,0
100845,2013-09-10T00:00:00Z,1378771200000,66.19744190812692,-161.0933589877103,observed,0
100845,2013-09-10T12:00:00Z,1378814400000,66.1689957980617,-161.0161638914888,observed,0
100845,2013-09-11T00:00:00Z,1378857600000,66.17079371755466,-161.05751215558493,observed,0
100845,2013-09-11T12:00:00Z,1378900800000,NA,NA,missing,1
100845,2013-09-12T00:00:00Z,1378944000000,NA,NA,missing,2
100845,2013-09-12T12:00:00Z,1378987200000,NA,NA,missing,3
100845,2013-09-13T00:00:00Z,1379030400000,NA,NA,missing,4
100845,2013-09-13T12:00:00Z,1379073600000,NA,NA,missing,5
100845,2013-09-14T00:00:00Z,1379116800000,NA,NA,missing,6
100845,2013-09-14T12:00:00Z,1379160000000,NA,NA,missing,7
100845,2013-09-15T00:00:00Z,1379203200000,NA,NA,missing,8
100845,2013-09-15T12:00:00Z,1379246400000,NA,NA,missing,9
100845,2013-09-16T00:00:00Z,1379289600000,NA,NA,missing,10
100845,2013-09-16T12:00:00Z,1379332800000,66.1580897489365,-161.13650718348396,observed,10
100845,2013-09-17T00:00:00Z,1379376000000,66.165693361709,-161.0645112638298,observed,10
100845,2013-09-17T12:00:00Z,1379419200000,NA,NA,missing,11
100845,2013-09-18T00:00:00Z,1379462400000,NA,NA,missing,12
100845,2013-09-18T12:00:00Z,1379505600000,NA,NA,missing,13
100845,2013-09-19T00:00:00Z,1379548800000,NA,NA,missing,14
100845,2013-09-19T12:00:00Z,1379592000000,NA,NA,missing,15
100845,2013-09-20T00:00:00Z,1379635200000,NA,NA,missing,16
100845,2013-09-20T12:00:00Z,1379678400000,NA,NA,missing,17
100845,2013-09-21T00:00:00Z,1379721600000,NA,NA,missing,18
100845,2013-09-21T12:00:00Z,1379764800000,NA,NA,missing,19
100845,2013-09-22T00:00:00Z,1379808000000,NA,NA,missing,20
100845,2013-09-22T12:00:00Z,1379851200000,NA,NA,missing,21
100845,2013-09-23T00:00:00Z,1379894400000,NA,NA,missing,22
100845,2013-09-23T12:00:00Z,1379937600000,NA,NA,missing,23
100845,2013-09-24T00:00:00Z,1379980800000,NA,NA,missing,24
100845,2013-09-24T12:00:00Z,1380024000000,NA,NA,missing,25
100845,2013-09-25T00:00:00Z,1380067200000,NA,NA,missing,26
100845,2013-09-25T12:00:00Z,1380110400000,NA,NA,missing,27
100845,2013-09-26T00:00:00Z,1380153600000,NA,NA,missing,28
100845,2013-09-26T12:00:00Z,1380196800000,NA,NA,missing,29
100845,2013-09-27T00:00:00Z,1380240000000,NA,NA,missing,30
100845,2013-09-27T12:00:00Z,1380283200000,NA,NA,missing,31
100845,2013-09-28T00:00:00Z,1380326400000,NA,NA,missing,32
100845,2013-09-28T12:00:00Z,1380369600000,50.78640001659581,-108.79029999248402,observed,32
100845,2013-09-29T00:00:00Z,1380412800000,50.785050528732064,-108.784198057397,observed,32
100845,2013-09-29T12:00:00Z,1380456000000,50.78680001666788,-108.78669999240692,observed,32
100845,2013-09-30T00:00:00Z,1380499200000,50.7788000175292,-108.77909999188074,observed,32
100845,2013-09-30T12:00:00Z,1380542400000,50.79470001595341,-108.78959999298228,observed,32
100845,2013-10-01T00:00:00Z,1380585600000,50.794440015995406,-108.78895999295347,interpolated,32
100845,2013-10-01T12:00:00Z,1380628800000,50.79418001603741,-108.78831999292467,interpolated,32
100845,2013-10-02T00:00:00Z,1380672000000,50.793920016079404,-108.78767999289586,interpolated,32
100845,2013-10-02T12:00:00Z,1380715200000,50.79366001612141,-108.78703999286707,interpolated,32
100845,2013-10-03T00:00:00Z,1380758400000,50.7934000161634,-108.78639999283826,observed,32
100845,2013-10-03T12:00:00Z,1380801600000,50.77450001811252,-108.77299999153016,observed,32
100845,2013-10-04T00:00:00Z,1380844800000,50.78440032088755,-108.78084823915508,observed,32
100845,2013-10-04T12:00:00Z,1380888000000,50.785400016832305,-108.7867999924032,observed,32
100845,2013-10-05T00:00:00Z,1380931200000,50.782100615818386,-108.78389808441808,observed,32
100845,2013-10-05T12:00:00Z,1380974400000,50.75360002086546,-108.7413999899898,observed,32
100845,2013-10-06T00:00:00Z,1381017600000,50.76325003063084,-108.74070014803478,observed,32
100845,2013-10-06T12:00:00Z,1381060800000,50.76445644333713,-108.78049186796972,observed,32
100845,2013-10-07T00:00:00Z,1381104000000,50.77420001679179,-108.81959999177764,observed,32
100845,2013-10-07T12:00:00Z,1381147200000,50.752500151330075,-108.72649995415377,observed,32
100845,2013-10-08T00:00:00Z,1381190400000,50.76220010620546,-108.72619909428714,observed,32
100845,2013-10-08T12:00:00Z,1381233600000,50.75200002088417,-108.74199998936828,observed,32
100845,2013-10-09T00:00:00Z,1381276800000,50.75330002079235,-108.74119998948451,observed,32
100845,2013-10-09T12:00:00Z,1381320000000,49.29190016491875,-108.69069947833938,observed,32
100845,2013-10-10T00:00:00Z,1381363200000,49.30235274048354,-108.66745501368725,observed,32
100845,2013-10-10T12:00:00Z,1381406400000,48.25982744654604,-107.80287424716671,interpolated,32
100845,2013-10-11T00:00:00Z,1381449600000,47.21730215260854,-106.93829348064618,observed,32
100845,2013-10-11T12:00:00Z,1381492800000,42.66899572967143,-103.86022447874838,observed,32
100845,2013-10-12T00:00:00Z,1381536000000,41.396979757050985,-103.21191051083056,observed,32
100845,2013-10-12T12:00:00Z,1381579200000,40.982629485136556,-103.46440680562006,interpolated,32
100845,2013-10-13T00:00:00Z,1381622400000,40.56827921322212,-103.71690310040955,observed,32
100845,2013-10-13T12:00:00Z,1381665600000,40.56352822345209,-103.73000202948764,observed,32
100845,2013-10-14T00:00:00Z,1381708800000,40.56282822780119,-103.72970201124843,observed,32
100845,2013-10-14T12:00:00Z,1381752000000,NA,NA,missing,33
100845,2013-10-15T00:00:00Z,1381795200000,NA,NA,missing,34
100845,2013-10-15T12:00:00Z,1381838400000,NA,NA,missing,35
100845,2013-10-16T00:00:00Z,1381881600000,NA,NA,missing,36
100845,2013-10-16T12:00:00Z,1381924800000,NA,NA,missing,37
100845,2013-10-17T00:00:00Z,1381968000000,NA,NA,missing,38
100845,2013-10-17T12:00:00Z,1382011200000,NA,NA,missing,39
100845,2013-10-18T00:00:00Z,1382054400000,NA,NA,missing,40
100845,2013-10-18T12:00:00Z,1382097600000,NA,NA,missing,41
100845,2013-10-19T00:00:00Z,1382140800000,NA,NA,missing,42
100845,2013-10-19T12:00:00Z,1382184000000,33.399646826983265,-104.38003217840952,observed,42
100845,2013-10-20T00:00:00Z,1382227200000,33.44624489731747,-104.40064337268868,observed,42
100845,2013-10-20T12:00:00Z,1382270400000,33.40499586354375,-104.4176535512606,observed,42
100845,2013-10-21T00:00:00Z,1382313600000,33.415746287201294,-104.39618224775894,observed,42
100845,2013-10-21T12:00:00Z,1382356800000,33.41374810661973,-104.3859747595246,observed,42
100845,2013-10-22T00:00:00Z,1382400000000,33.40909526340164,-104.40644113114476,observed,42
100845,2013-10-22T12:00:00Z,1382443200000,33.40149748876712,-104.38002973137834,observed,42
100853,2013-09-01T00:00:00Z,1377993600000,68.48407863711671,172.55079438704058,observed,0
100853,2013-09-01T12:00:00Z,1378036800000,68.49538061084905,172.5738392393487,observed,0
100853,2013-09-02T00:00:00Z,1378080000000,68.49487989596233,172.56374021627394,observed,0
100853,2013-09-02T12:00:00Z,1378123200000,68.49417985013534,172.5639903635797,observed,0
100853,2013-09-03T00:00:00Z,1378166400000,68.49052949604133,172.55014007542763,observed,0
100853,2013-09-03T12:00:00Z,1378209600000,68.49360462686818,172.55334093660906,interpolated,0
100853,2013-09-04T00:00:00Z,1378252800000,68.49667975769502,172.55654179779043,observed,0
100853,2013-09-04T12:00:00Z,1378296000000,67.75859931883257,174.97739808371918,observed,0
100853,2013-09-05T00:00:00Z,1378339200000,66.92629429130258,177.48540612191093,observed,0
100853,2013-09-05T12:00:00Z,1378382400000,66.92793952155577,179.25888839221085,observed,0
100853,2013-09-06T00:00:00Z,1378425600000,66.93913141499735,179.47479190943582,observed,0
100853,2013-09-06T12:00:00Z,1378468800000,66.6291747755396,-176.77342949195994,observed,0
100853,2013-09-07T00:00:00Z,1378512000000,66.36858417236947,-174.25353769371495,observed,0
100853,2013-09-07T12:00:00Z,1378555200000,66.34398726798479,-174.1905407962238,observed,0
100853,2013-09-08T00:00:00Z,1378598400000,66.31803955390599,-174.19794002054653,observed,0
100853,2013-09-08T12:00:00Z,1378641600000,65.8857280070307,-170.48419477030308,observed,0
100853,2013-09-09T00:00:00Z,1378684800000,65.39274617695435,-166.738323563737,observed,0
100853,2013-09-09T12:00:00Z,1378728000000,65.34489107225723,-166.11012986398583,observed,0
100853,2013-09-10T00:00:00Z,1378771200000,65.30515037379352,-165.75822833516253,observed,0
100853,2013-09-10T12:00:00Z,1378814400000,65.32730376606463,-165.65692866031483,observed,0
100853,2013-09-11T00:00:00Z,1378857600000,65.32745296935245,-165.67047592654453,observed,0
100853,2013-09-11T12:00:00Z,1378900800000,65.25474243913058,-165.4494272915149,observed,0
100853,2013-09-12T00:00:00Z,1378944000000,65.25922887233673,-165.20099964461122,observed,0
100853,2013-09-12T12:00:00Z,1378987200000,65.25582957156523,-165.18059913094908,observed,0
100853,2013-09-13T00:00:00Z,1379030400000,65.26963187411351,-165.16545062327268,observed,0
100853,2013-09-13T12:00:00Z,1379073600000,65.23883153641094,-165.1557924843884,observed,0
100853,2013-09-14T00:00:00Z,1379116800000,65.25163701150498,-165.08549244216368,interpolated,0
100853,2013-09-14T12:00:00Z,1379160000000,65.26444248659901,-165.015192399939,interpolated,0
100853,2013-09-15T00:00:00Z,1379203200000,65.27724796169305,-164.94489235771425,interpolated,0
100853,2013-09-15T12:00:00Z,1379246400000,65.29005343678709,-164.8745923154895,interpolated,0
100853,2013-09-16T00:00:00Z,1379289600000,65.30285891188112,-164.80429227326476,interpolated,0
100853,2013-09-16T12:00:00Z,1379332800000,65.31566438697516,-164.73399223104008,observed,0
100853,2013-09-17T00:00:00Z,1379376000000,65.32667292061538,-164.37370441558014,observed,0
100853,2013-09-17T12:00:00Z,1379419200000,65.01037486182898,-161.09368323956363,interpolated,0
100853,2013-09-18T00:00:00Z,1379462400000,64.69407680304256,-157.8136620635471,interpolated,0
100853,2013-09-18T12:00:00Z,1379505600000,64.37777874425616,-154.53364088753062,interpolated,0
100853,2013-09-19T00:00:00Z,1379548800000,64.06148068546975,-151.25361971151403,interpolated,0
100853,2013-09-19T12:00:00Z,1379592000000,63.745182626683345,-147.97359853549756,interpolated,0
100853,2013-09-20T00:00:00Z,1379635200000,63.42888456789694,-144.69357735948103,interpolated,0
100853,2013-09-20T12:00:00Z,1379678400000,63.11258650911053,-141.4135561834645,interpolated,0
100853,2013-09-21T00:00:00Z,1379721600000,62.79628845032412,-138.13353500744802,interpolated,0
100853,2013-09-21T12:00:00Z,1379764800000,62.47999039153771,-134.85351383143148,observed,0
100853,2013-09-22T00:00:00Z,1379808000000,62.38508227510627,-131.1485101719899,observed,0
100853,2013-09-22T12:00:00Z,1379851200000,61.1809251744332,-128.3585003568165,observed,0
100853,2013-09-23T00:00:00Z,1379894400000,61.084815728544115,-128.27646223150174,observed,0
100853,2013-09-23T12:00:00Z,1379937600000,59.90083381358538,-125.72153179246096,observed,0
100853,2013-09-24T00:00:00Z,1379980800000,59.27849925759269,-124.47297760595507,interpolated,0
100853,2013-09-24T12:00:00Z,1380024000000,58.656164701600005,-123.22442341944907,interpolated,0
100853,2013-09-25T00:00:00Z,1380067200000,58.03383014560732,-121.97586923294318,interpolated,0
100853,2013-09-25T12:00:00Z,1380110400000,57.41149558961463,-120.7273150464373,interpolated,0
100853,2013-09-26T00:00:00Z,1380153600000,56.789161033621944,-119.4787608599313,interpolated,0
100853,2013-09-26T12:00:00Z,1380196800000,56.16682647762926,-118.2302066734254,observed,0
100853,2013-09-27T00:00:00Z,1380240000000,56.051538653496614,-117.43731045755574,observed,0
100853,2013-09-27T12:00:00Z,1380283200000,55.0376623637082,-114.57800714649512,observed,0
100853,2013-09-28T00:00:00Z,1380326400000,54.62645452876373,-113.96114094989048,interpolated,0
100853,2013-09-28T12:00:00Z,1380369600000,54.21524669381925,-113.34427475328587,observed,0
100853,2013-09-29T00:00:00Z,1380412800000,54.17786709631362,-113.3857874941365,observed,0
100853,2013-09-29T12:00:00Z,1380456000000,52.82718851779855,-110.75617158073634,observed,0
100853,2013-09-30T00:00:00Z,1380499200000,52.5230109221496,-110.34902374789844,observed,0
100853,2013-09-30T12:00:00Z,1380542400000,51.9433479138008,-108.50518823628032,observed,0
100853,2013-10-01T00:00:00Z,1380585600000,51.68214998083055,-108.05706897975773,interpolated,0
100853,2013-10-01T12:00:00Z,1380628800000,51.420952047860304,-107.60894972323514,observed,0
100853,2013-10-02T00:00:00Z,1380672000000,51.41240376330965,-107.60154231325497,observed,0
100853,2013-10-02T12:00:00Z,1380715200000,51.41090472765206,-107.5973906854126,observed,0
100853,2013-10-03T00:00:00Z,1380758400000,51.411253801390714,-107.60139151923786,observed,0
100853,2013-10-03T12:00:00Z,1380801600000,51.40835625221361,-107.59263903468154,observed,0
100853,2013-10-04T00:00:00Z,1380844800000,51.41360031797896,-107.62174765241316,observed,0
100853,2013-10-04T12:00:00Z,1380888000000,51.3667998809185,-107.56899995792136,observed,0
100853,2013-10-05T00:00:00Z,1380931200000,51.416600150638,-107.6197982582641,observed,0
100853,2013-10-05T12:00:00Z,1380974400000,51.417250060245465,-107.62144868319902,observed,0
100853,2013-10-06T00:00:00Z,1381017600000,51.375399878715456,-107.57409995613943,observed,0
100853,2013-10-06T12:00:00Z,1381060800000,51.36709988096527,-107.56869995697546,observed,0
100853,2013-10-07T00:00:00Z,1381104000000,51.36754992180298,-107.57189994123424,observed,0
100853,2013-10-07T12:00:00Z,1381147200000,51.367149880791104,-107.56924995745588,observed,0
100853,2013-10-08T00:00:00Z,1381190400000,51.37139988248032,-107.56865001131858,observed,0
100853,2013-10-08T12:00:00Z,1381233600000,51.398003299765136,-107.59708138450266,observed,0
100853,2013-10-09T00:00:00Z,1381276800000,51.38029987622122,-107.56479995475524,observed,0
100853,2013-10-09T12:00:00Z,1381320000000,51.37349987458974,-107.5282999550228,observed,0
100853,2013-10-10T00:00:00Z,1381363200000,51.376549874502345,-107.52859995044004,observed,0
100853,2013-10-10T12:00:00Z,1381406400000,51.37319987508291,-107.52819995499438,observed,0
100853,2013-10-11T00:00:00Z,1381449600000,51.380499883158635,-107.5273501472383,observed,0
100853,2013-10-11T12:00:00Z,1381492800000,48.22848043891698,-106.15102392396471,observed,0
100853,2013-10-12T00:00:00Z,1381536000000,45.86100108676679,-104.14888653456048,observed,0
100853,2013-10-12T12:00:00Z,1381579200000,43.64995459552219,-102.4458903999666,observed,0
100853,2013-10-13T00:00:00Z,1381622400000,43.06888094295539,-102.20473027961415,observed,0
100853,2013-10-13T12:00:00Z,1381665600000,43.07788162790879,-102.20873121914572,observed,0
100853,2013-10-14T00:00:00Z,1381708800000,43.08193092046017,-102.196780382132,observed,0
100853,2013-10-14T12:00:00Z,1381752000000,43.07253122898829,-102.21378122714242,observed,0
100853,2013-10-15T00:00:00Z,1381795200000,43.079530865566234,-102.20508042097477,observed,0
100853,2013-10-15T12:00:00Z,1381838400000,43.07003128507794,-102.21208026645004,observed,0
100853,2013-10-16T00:00:00Z,1381881600000,43.069730930656746,-102.2026802233638,observed,0
100853,2013-10-16T12:00:00Z,1381924800000,43.07613131044154,-102.20578128995302,observed,0
100853,2013-10-17T00:00:00Z,1381968000000,43.07478112838593,-102.20303113414823,observed,0
100853,2013-10-17T12:00:00Z,1382011200000,40.47181549617122,-101.94496013650604,observed,0
100853,2013-10-18T00:00:00Z,1382054400000,39.0773060400411,-101.83678196666952,observed,0
100853,2013-10-18T12:00:00Z,1382097600000,38.075716634087605,-101.62490709284003,interpolated,0
100853,2013-10-19T00:00:00Z,1382140800000,37.07412722813412,-101.41303221901063,interpolated,0
100853,2013-10-19T12:00:00Z,1382184000000,36.07253782218062,-101.2011573451812,observed,0
100853,2013-10-20T00:00:00Z,1382227200000,36.04728742258404,-101.18711031961912,observed,0
100853,2013-10-20T12:00:00Z,1382270400000,35.19678735771652,-101.33491266673788,observed,0
100853,2013-10-21T00:00:00Z,1382313600000,35.015640729183815,-101.4199761104082,observed,0
100853,2013-10-21T12:00:00Z,1382356800000,34.63142700905757,-102.43871603900182,observed,0
100853,2013-10-22T00:00:00Z,1382400000000,34.74127200116025,-102.46680556581848,observed,0
100853,2013-10-22T12:00:00Z,1382443200000,35.01904776898772,-101.75349683936255,observed,0
100854,2013-09-01T00:00:00Z,1377993600000,65.51980746416925,-171.86915496110464,observed,0
100854,2013-09-01T12:00:00Z,1378036800000,65.54130821440793,-171.85935807490367,observed,0
100854,2013-09-02T00:00:00Z,1378080000000,65.51995731567465,-171.87180473028727,observed,0
100854,2013-09-02T12:00:00Z,1378123200000,65.54201184124152,-171.79586342808238,observed,0
100854,2013-09-03T00:00:00Z,1378166400000,65.55936224823282,-171.79491596854672,observed,0
100854,2013-09-03T12:00:00Z,1378209600000,65.57521453967293,-171.75387045731748,observed,0
100854,2013-09-04T00:00:00Z,1378252800000,65.52130728187504,-171.87245484922198,observed,0
100854,2013-09-04T12:00:00Z,1378296000000,65.53014120438661,-171.86358986477356,interpolated,0
100854,2013-09-05T00:00:00Z,1378339200000,65.53897512689818,-171.8547248803251,interpolated,0
100854,2013-09-05T12:00:00Z,1378382400000,65.54780904940975,-171.84585989587669,observed,0
100854,2013-09-06T00:00:00Z,1378425600000,65.51990724328016,-171.8730546468251,observed,0
100854,2013-09-06T12:00:00Z,1378468800000,65.4341532201754,-169.26413693193547,interpolated,0
100854,2013-09-07T00:00:00Z,1378512000000,65.34839919707063,-166.6552192170458,observed,0
100854,2013-09-07T12:00:00Z,1378555200000,64.97369899602324,-164.833934462321,interpolated,0
100854,2013-09-08T00:00:00Z,1378598400000,64.59899879497587,-163.0126497075962,observed,0
100854,2013-09-08T12:00:00Z,1378641600000,64.4193179740135,-158.7760189710905,observed,0
100854,2013-09-09T00:00:00Z,1378684800000,64.14830231145103,-158.16861849063824,observed,0
100854,2013-09-09T12:00:00Z,1378728000000,64.21496002957241,-157.96972827706412,observed,0
100854,2013-09-10T00:00:00Z,1378771200000,64.36555466680103,-158.0423405198463,observed,0
100854,2013-09-10T12:00:00Z,1378814400000,NA,NA,missing,1
100854,2013-09-11T00:00:00Z,1378857600000,NA,NA,missing,2
100854,2013-09-11T12:00:00Z,1378900800000,NA,NA,missing,3
100854,2013-09-12T00:00:00Z,1378944000000,NA,NA,missing,4
100854,2013-09-12T12:00:00Z,1378987200000,NA,NA,missing,5
100854,2013-09-13T00:00:00Z,1379030400000,NA,NA,missing,6
100854,2013-09-13T12:00:00Z,1379073600000,NA,NA,missing,7
100854,2013-09-14T00:00:00Z,1379116800000,NA,NA,missing,8
100854,2013-09-14T12:00:00Z,1379160000000,NA,NA,missing,9
100854,2013-09-15T00:00:00Z,1379203200000,NA,NA,missing,10
100854,2013-09-15T12:00:00Z,1379246400000,NA,NA,missing,11
100854,2013-09-16T00:00:00Z,1379289600000,NA,NA,missing,12
100854,2013-09-16T12:00:00Z,1379332800000,NA,NA,missing,13
100854,2013-09-17T00:00:00Z,1379376000000,NA,NA,missing,14
100854,2013-09-17T12:00:00Z,1379419200000,NA,NA,missing,15
100854,2013-09-18T00:00:00Z,1379462400000,NA,NA,missing,16
100854,2013-09-18T12:00:00Z,1379505600000,NA,NA,missing,17
100854,2013-09-19T00:00:00Z,1379548800000,51.4088999999604,-109.98359999963358,observed,17
100854,2013-09-19T12:00:00Z,1379592000000,50.499100008918866,-109.42899998060491,observed,17
100854,2013-09-20T00:00:00Z,1379635200000,50.51370945979718,-109.47768631771726,observed,17
100854,2013-09-20T12:00:00Z,1379678400000,50.53570000835918,-109.42419998321964,observed,17
100854,2013-09-21T00:00:00Z,1379721600000,50.52810000937359,-109.39439998165622,observed,17
100854,2013-09-21T12:00:00Z,1379764800000,50.5338000084615,-109.4233999830772,observed,17
100854,2013-09-22T00:00:00Z,1379808000000,50.53420114139206,-109.41019799385222,observed,17
100854,2013-09-22T12:00:00Z,1379851200000,50.53380000846554,-109.42119998288652,observed,17
100854,2013-09-23T00:00:00Z,1379894400000,50.536150587937215,-109.40594794326604,observed,17
100854,2013-09-23T12:00:00Z,1379937600000,50.53370000872407,-109.41409998274844,observed,17
100854,2013-09-24T00:00:00Z,1379980800000,50.5345014459464,-109.410147587465,observed,17
100854,2013-09-24T12:00:00Z,1380024000000,50.537200008300466,-109.42479998325469,observed,17
100854,2013-09-25T00:00:00Z,1380067200000,50.538301030162074,-109.40934667120368,observed,17
100854,2013-09-25T12:00:00Z,1380110400000,50.526000008669214,-109.4196999822614,observed,17
100854,2013-09-26T00:00:00Z,1380153600000,50.528000009408494,-109.39449998174724,observed,17
100854,2013-09-26T12:00:00Z,1380196800000,50.494400012781185,-109.31769997633646,observed,17
100854,2013-09-27T00:00:00Z,1380240000000,50.50655008672747,-109.33394970192847,observed,17
100854,2013-09-27T12:00:00Z,1380283200000,50.50490001244064,-109.32089997740913,observed,17
100854,2013-09-28T00:00:00Z,1380326400000,50.501250171512545,-109.3317989846527,observed,17
100854,2013-09-28T12:00:00Z,1380369600000,50.516700011441195,-109.34099997919245,observed,17
100854,2013-09-29T00:00:00Z,1380412800000,50.48990101795605,-109.35315626588162,observed,17
100854,2013-09-29T12:00:00Z,1380456000000,50.46270001181314,-109.36519997509173,observed,17
100854,2013-09-30T00:00:00Z,1380499200000,50.45560109406737,-109.42345640802596,observed,17
100854,2013-09-30T12:00:00Z,1380542400000,50.46600001050381,-109.39779997672954,observed,17
100854,2013-10-01T00:00:00Z,1380585600000,50.45480070405489,-109.42100522564932,observed,17
100854,2013-10-01T12:00:00Z,1380628800000,50.43870000975969,-109.43589997592836,observed,17
100854,2013-10-02T00:00:00Z,1380672000000,50.45995011626879,-109.41240143734024,observed,17
100854,2013-10-02T12:00:00Z,1380715200000,50.46070001030192,-109.40829997667034,observed,17
100854,2013-10-03T00:00:00Z,1380758400000,50.478450831569,-109.42239894323346,observed,17
100854,2013-10-03T12:00:00Z,1380801600000,50.491200008412065,-109.4482999806146,observed,17
100854,2013-10-04T00:00:00Z,1380844800000,50.47835082555918,-109.42214897601175,observed,17
100854,2013-10-04T12:00:00Z,1380888000000,50.469300010550235,-109.39649997694134,observed,17
100854,2013-10-05T00:00:00Z,1380931200000,50.4787510664147,-109.42384896964523,observed,17
100854,2013-10-05T12:00:00Z,1380974400000,50.489100008423584,-109.44869998042338,observed,17
100854,2013-10-06T00:00:00Z,1381017600000,50.4800026526412,-109.43324762445914,observed,17
100854,2013-10-06T12:00:00Z,1381060800000,50.47870001007168,-109.40439997806604,observed,17
100854,2013-10-07T00:00:00Z,1381104000000,50.47250151182128,-109.3886487942437,observed,17
100854,2013-10-07T12:00:00Z,1381147200000,50.472800012442725,-109.3423999752178,observed,17
100854,2013-10-08T00:00:00Z,1381190400000,50.46620001149444,-109.37129997566524,observed,17
100854,2013-10-08T12:00:00Z,1381233600000,50.4583000128092,-109.34149997378466,observed,17
100854,2013-10-09T00:00:00Z,1381276800000,50.503800061378186,-109.31265005517524,observed,17
100854,2013-10-09T12:00:00Z,1381320000000,50.50007556134876,-109.37922565399529,interpolated,17
100854,2013-10-10T00:00:00Z,1381363200000,50.49635106131933,-109.44580125281536,observed,17
100854,2013-10-10T12:00:00Z,1381406400000,50.4951000089505,-109.42839998017632,observed,17
100854,2013-10-11T00:00:00Z,1381449600000,50.4946539635204,-109.46055347180608,observed,17
100854,2013-10-11T12:00:00Z,1381492800000,47.67870120933252,-107.50369620249104,observed,17
100854,2013-10-12T00:00:00Z,1381536000000,46.673852796370674,-106.7132414642584,observed,17
100854,2013-10-12T12:00:00Z,1381579200000,45.77830587514654,-105.9350829318976,interpolated,17
100854,2013-10-13T00:00:00Z,1381622400000,44.88275895392241,-105.1569243995368,observed,17
100854,2013-10-13T12:00:00Z,1381665600000,44.23511000979981,-105.1647688596602,observed,17
100854,2013-10-14T00:00:00Z,1381708800000,44.207310027696266,-105.17216864770556,observed,17
100854,2013-10-14T12:00:00Z,1381752000000,44.23720998933141,-105.1688689061372,observed,17
100854,2013-10-15T00:00:00Z,1381795200000,44.225110149419066,-105.1688702756068,observed,17
100854,2013-10-15T12:00:00Z,1381838400000,41.68442019815544,-104.31742968805196,observed,17
100854,2013-10-16T00:00:00Z,1381881600000,39.04972777899076,-104.29888240050902,observed,17
100854,2013-10-16T12:00:00Z,1381924800000,36.86889257535854,-104.02339567667852,observed,17
100854,2013-10-17T00:00:00Z,1381968000000,36.22454310882073,-103.80950186986964,observed,17
100854,2013-10-17T12:00:00Z,1382011200000,34.257525660341294,-103.02241379254208,observed,17
100854,2013-10-18T00:00:00Z,1382054400000,34.03257053670977,-102.76459092171996,observed,17
100854,2013-10-18T12:00:00Z,1382097600000,32.534339076659904,-104.98064421431486,observed,17
100854,2013-10-19T00:00:00Z,1382140800000,30.97741556254544,-107.14532754992784,observed,17
100854,2013-10-19T12:00:00Z,1382184000000,30.295414892262812,-107.3129758940224,observed,17
100854,2013-10-20T00:00:00Z,1382227200000,30.190614125112297,-107.40532995125022,observed,17
100854,2013-10-20T12:00:00Z,1382270400000,30.279065148163745,-107.28417360400836,observed,17
100854,2013-10-21T00:00:00Z,1382313600000,30.266016447501624,-107.15261481311695,observed,17
100854,2013-10-21T12:00:00Z,1382356800000,30.281815152479265,-107.28347362675892,observed,17
100854,2013-10-22T00:00:00Z,1382400000000,30.2830156064837,-107.23552051775135,observed,17
100854,2013-10-22T12:00:00Z,1382443200000,30.28326505606932,-107.29462433333912,observed,17
